{
  "sessionId": "session_1769505642675",
  "startedAt": 1769505642676,
  "markers": [
    {
      "t_ms": 30,
      "label": "REC_START",
      "meta": {
        "turn": 1,
        "type": "CITY_FOUNDED"
      }
    },
    {
      "t_ms": 31,
      "label": "CITY_FOUNDED",
      "meta": {
        "turn": 1,
        "year": 1,
        "kind": "BUILD"
      }
    },
    {
      "t_ms": 11555,
      "label": "KING_CROWNED",
      "meta": {
        "turn": 2,
        "year": 5,
        "kind": "POLITICS"
      }
    },
    {
      "t_ms": 18096,
      "label": "WAR_DECLARED",
      "meta": {
        "turn": 3,
        "year": 20,
        "kind": "WAR"
      }
    },
    {
      "t_ms": 18100,
      "label": "HIGHLIGHT",
      "meta": {
        "turn": 3,
        "label": "WAR_DECLARED"
      }
    },
    {
      "t_ms": 33610,
      "label": "BATTLE_VICTORY",
      "meta": {
        "turn": 4,
        "year": 30,
        "kind": "WAR"
      }
    },
    {
      "t_ms": 33612,
      "label": "HIGHLIGHT",
      "meta": {
        "turn": 4,
        "label": "BATTLE_VICTORY"
      }
    },
    {
      "t_ms": 49120,
      "label": "REC_STOP",
      "meta": {}
    }
  ]
}