{
  "sessionId": "session_1769589290206",
  "startedAt": 1769589290207,
  "markers": [
    {
      "t_ms": 571,
      "label": "REC_START",
      "meta": {
        "turn": 1,
        "type": "CITY_FOUNDED"
      }
    },
    {
      "t_ms": 572,
      "label": "CITY_FOUNDED",
      "meta": {
        "turn": 1,
        "year": 1,
        "category": "BUILD"
      }
    },
    {
      "t_ms": 573,
      "label": "WAR_DECLARED",
      "meta": {
        "turn": 10,
        "year": 50,
        "category": "WAR"
      }
    },
    {
      "t_ms": 574,
      "label": "HIGHLIGHT",
      "meta": {
        "turn": 10,
        "label": "WAR_DECLARED"
      }
    },
    {
      "t_ms": 581,
      "label": "REC_STOP",
      "meta": {}
    }
  ]
}