{
  "sessionId": "session_1769502650249",
  "startedAt": 1769502650249,
  "markers": [
    {
      "t_ms": 31,
      "label": "REC_START",
      "meta": {
        "turn": 1,
        "type": "CITY_FOUNDED"
      }
    },
    {
      "t_ms": 32,
      "label": "CITY_FOUNDED",
      "meta": {
        "turn": 1,
        "year": 1,
        "kind": "BUILD"
      }
    },
    {
      "t_ms": 11552,
      "label": "KING_CROWNED",
      "meta": {
        "turn": 2,
        "year": 5,
        "kind": "POLITICS"
      }
    },
    {
      "t_ms": 18066,
      "label": "WAR_DECLARED",
      "meta": {
        "turn": 3,
        "year": 20,
        "kind": "WAR"
      }
    },
    {
      "t_ms": 18068,
      "label": "HIGHLIGHT",
      "meta": {
        "turn": 3,
        "label": "WAR_DECLARED"
      }
    },
    {
      "t_ms": 33586,
      "label": "BATTLE_VICTORY",
      "meta": {
        "turn": 4,
        "year": 30,
        "kind": "WAR"
      }
    },
    {
      "t_ms": 33589,
      "label": "HIGHLIGHT",
      "meta": {
        "turn": 4,
        "label": "BATTLE_VICTORY"
      }
    },
    {
      "t_ms": 49097,
      "label": "REC_STOP",
      "meta": {}
    }
  ]
}