{
  "name": "9woke_civilization",
  "events": [
    {
      "turn": 1,
      "year": 1,
      "type": "CITY_FOUNDED",
      "category": "BUILD",
      "vo": "9woke establishes the first settlement",
      "actions": [
        {"type": "MOVE", "x": 0, "y": 70, "z": 0},
        {"type": "BUILD", "block": "oak_planks", "x": 0, "y": 70, "z": 0},
        {"type": "CHAT", "message": "Our civilization begins here!"}
      ]
    },
    {
      "turn": 10,
      "year": 50,
      "type": "WAR_DECLARED",
      "category": "WAR",
      "vo": "Enemy spotted! Prepare for battle!",
      "actions": [
        {"type": "CHAT", "message": "TO ARMS!"},
        {"type": "MOVE", "x": 100, "y": 64, "z": 100}
      ]
    }
  ]
}